id,name,link,image_link
1,A Day at the Beach,/drink/15200-A-Day-at-the-Beach,https://www.thecocktaildb.com/images/media/drink/trptts1454514474.jpg
2,A Furlong Too Late,/drink/17831-A-Furlong-Too-Late,https://www.thecocktaildb.com/images/media/drink/ssxvww1472669166.jpg
3,A Gilligan's Island,/drink/16943-A-Gilligans-Island,https://www.thecocktaildb.com/images/media/drink/wysqut1461867176.jpg
4,A midsummernight dream,/drink/15675-A-midsummernight-dream,https://www.thecocktaildb.com/images/media/drink/ysqvqp1461867292.jpg
5,A Night In Old Mandalay,/drink/17832-A-Night-In-Old-Mandalay,https://www.thecocktaildb.com/images/media/drink/vyrvxt1461919380.jpg
6,A Piece of Ass,/drink/16405-A-Piece-of-Ass,https://www.thecocktaildb.com/images/media/drink/tqxyxx1472719737.jpg
7,A Splash of Nash,/drink/14564-A-Splash-of-Nash,https://www.thecocktaildb.com/images/media/drink/rsvtrr1472668201.jpg
8,A True Amaretto Sour,/drink/17005-A-True-Amaretto-Sour,https://www.thecocktaildb.com/images/media/drink/rptuxy1472669372.jpg
9,A. J.,/drink/17833-A.-J.,https://www.thecocktaildb.com/images/media/drink/l74qo91582480316.jpg
10,A.D.M. (After Dinner Mint),/drink/14560-A.D.M.-(After-Dinner-Mint),https://www.thecocktaildb.com/images/media/drink/ruxuvp1472669600.jpg
11,A1,/drink/17222-A1,https://www.thecocktaildb.com/images/media/drink/2x8thr1504816928.jpg
12,Abbey Cocktail,/drink/17834-Abbey-Cocktail,https://www.thecocktaildb.com/images/media/drink/mr30ob1582479875.jpg
13,Abbey Martini,/drink/17223-Abbey-Martini,https://www.thecocktaildb.com/images/media/drink/2mcozt1504817403.jpg
14,ABC,/drink/13501-ABC,https://www.thecocktaildb.com/images/media/drink/tqpvqp1472668328.jpg
15,Abilene,/drink/17835-Abilene,https://www.thecocktaildb.com/images/media/drink/smb2oe1582479072.jpg
16,Absinthe #2,/drink/12790-Absinthe-#2,https://www.thecocktaildb.com/images/media/drink/uxxtrt1472667197.jpg
17,Absolut Evergreen,/drink/14374-Absolut-Evergreen,https://www.thecocktaildb.com/images/media/drink/wrxrxp1472812609.jpg
18,Absolut limousine,/drink/14372-Absolut-limousine,https://www.thecocktaildb.com/images/media/drink/ssqpyw1472719844.jpg
19,Absolut Sex,/drink/14360-Absolut-Sex,https://www.thecocktaildb.com/images/media/drink/xtrvtx1472668436.jpg
20,Absolut Stress #2,/drink/15597-Absolut-Stress-#2,https://www.thecocktaildb.com/images/media/drink/xuyqrw1472811825.jpg
21,Absolut Summertime,/drink/14107-Absolut-Summertime,https://www.thecocktaildb.com/images/media/drink/trpxxs1472669662.jpg
22,Absolutely Cranberry Smash,/drink/15024-Absolutely-Cranberry-Smash,https://www.thecocktaildb.com/images/media/drink/vqwstv1472811884.jpg
23,Absolutely Fabulous,/drink/17224-Absolutely-Fabulous,https://www.thecocktaildb.com/images/media/drink/abcpwr1504817734.jpg
24,Absolutly Screwed Up,/drink/16134-Absolutly-Screwed-Up,https://www.thecocktaildb.com/images/media/drink/yvxrwv1472669728.jpg
25,Acapulco,/drink/17836-Acapulco,https://www.thecocktaildb.com/images/media/drink/il9e0r1582478841.jpg
26,Ace,/drink/17225-Ace,https://www.thecocktaildb.com/images/media/drink/l3cd7f1504818306.jpg
27,ACID,/drink/14610-ACID,https://www.thecocktaildb.com/images/media/drink/xuxpxt1479209317.jpg
28,Adam,/drink/17837-Adam,https://www.thecocktaildb.com/images/media/drink/v0at4i1582478473.jpg
29,Adam & Eve,/drink/17226-Adam-&-Eve,https://www.thecocktaildb.com/images/media/drink/vfeumw1504819077.jpg
30,Adam Bomb,/drink/16333-Adam-Bomb,https://www.thecocktaildb.com/images/media/drink/tpxurs1454513016.jpg
31,Adam Sunrise,/drink/15567-Adam-Sunrise,https://www.thecocktaildb.com/images/media/drink/vtuyvu1472812112.jpg
32,Addington,/drink/17227-Addington,https://www.thecocktaildb.com/images/media/drink/ib0b7g1504818925.jpg
33,Addison,/drink/17228-Addison,https://www.thecocktaildb.com/images/media/drink/yzva7x1504820300.jpg
34,Addison Special,/drink/14272-Addison-Special,https://www.thecocktaildb.com/images/media/drink/4vo5651493068493.jpg
35,Adios Amigos Cocktail,/drink/17229-Adios-Amigos-Cocktail,https://www.thecocktaildb.com/images/media/drink/8nk2mp1504819893.jpg
36,Adonis Cocktail,/drink/17838-Adonis-Cocktail,https://www.thecocktaildb.com/images/media/drink/xrvruq1472812030.jpg
37,Affair,/drink/17839-Affair,https://www.thecocktaildb.com/images/media/drink/h5za6y1582477994.jpg
38,Affinity,/drink/17840-Affinity,https://www.thecocktaildb.com/images/media/drink/wzdtnn1582477684.jpg
39,After Dinner Cocktail,/drink/11010-After-Dinner-Cocktail,https://www.thecocktaildb.com/images/media/drink/vtytxq1483387578.jpg
40,After Five,/drink/13807-After-Five,https://www.thecocktaildb.com/images/media/drink/sk3lr91493068595.jpg
41,After sex,/drink/15182-After-sex,https://www.thecocktaildb.com/images/media/drink/xrl66i1493068702.jpg
42,After Supper Cocktail,/drink/11011-After-Supper-Cocktail,https://www.thecocktaildb.com/images/media/drink/quyxwu1483387610.jpg
43,Afterglow,/drink/12560-Afterglow,https://www.thecocktaildb.com/images/media/drink/vuquyv1468876052.jpg
44,Afternoon,/drink/13162-Afternoon,https://www.thecocktaildb.com/images/media/drink/vyrurp1472667777.jpg
45,Alabama Slammer,/drink/11012-Alabama-Slammer,https://www.thecocktaildb.com/images/media/drink/jntghf1606771886.jpg
46,Alaska Cocktail,/drink/11013-Alaska-Cocktail,https://www.thecocktaildb.com/images/media/drink/wsyryt1483387720.jpg
47,Alexander,/drink/11014-Alexander,https://www.thecocktaildb.com/images/media/drink/0clus51606772388.jpg
48,Alfie Cocktail,/drink/11019-Alfie-Cocktail,https://www.thecocktaildb.com/images/media/drink/ypxsqy1483387829.jpg
49,Algonquin,/drink/11020-Algonquin,https://www.thecocktaildb.com/images/media/drink/uwryxx1483387873.jpg
50,Alice Cocktail,/drink/12562-Alice-Cocktail,https://www.thecocktaildb.com/images/media/drink/qyqtpv1468876144.jpg
51,Alice in Wonderland,/drink/17094-Alice-in-Wonderland,https://www.thecocktaildb.com/images/media/drink/g12lj41493069391.jpg
52,Allegheny,/drink/11021-Allegheny,https://www.thecocktaildb.com/images/media/drink/uwvyts1483387934.jpg
53,Allies Cocktail,/drink/11022-Allies-Cocktail,https://www.thecocktaildb.com/images/media/drink/qvprvp1483388104.jpg
54,Almeria,/drink/11023-Almeria,https://www.thecocktaildb.com/images/media/drink/rwsyyu1483388181.jpg
55,Almond Chocolate Coffee,/drink/16082-Almond-Chocolate-Coffee,https://www.thecocktaildb.com/images/media/drink/jls02c1493069441.jpg
56,Almond Joy,/drink/11024-Almond-Joy,https://www.thecocktaildb.com/images/media/drink/xutuqs1483388296.jpg
57,Aloha Fruit punch,/drink/12862-Aloha-Fruit-punch,https://www.thecocktaildb.com/images/media/drink/wsyvrt1468876267.jpg
58,Amaretto And Cream,/drink/11025-Amaretto-And-Cream,https://www.thecocktaildb.com/images/media/drink/dj8n0r1504375018.jpg
59,Amaretto fizz,/drink/178321-Amaretto-fizz,https://www.thecocktaildb.com/images/media/drink/92h3jz1582474310.jpg
60,Amaretto Liqueur,/drink/12792-Amaretto-Liqueur,https://www.thecocktaildb.com/images/media/drink/swqxuv1472719649.jpg
61,Amaretto Mist,/drink/11026-Amaretto-Mist,https://www.thecocktaildb.com/images/media/drink/utpxxq1483388370.jpg
62,Amaretto Rose,/drink/11027-Amaretto-Rose,https://www.thecocktaildb.com/images/media/drink/3jm41q1493069578.jpg
63,Amaretto Shake,/drink/15194-Amaretto-Shake,https://www.thecocktaildb.com/images/media/drink/xk79al1493069655.jpg
64,Amaretto Sour,/drink/13731-Amaretto-Sour,https://www.thecocktaildb.com/images/media/drink/xnzc541493070211.jpg
65,Amaretto Stinger,/drink/11028-Amaretto-Stinger,https://www.thecocktaildb.com/images/media/drink/vvop4w1493069934.jpg
66,Amaretto Stone Sour,/drink/14306-Amaretto-Stone-Sour,https://www.thecocktaildb.com/images/media/drink/xwryyx1472719921.jpg
67,Amaretto Stone Sour Alternative,/drink/16100-Amaretto-Stone-Sour-Alternative,https://www.thecocktaildb.com/images/media/drink/wutxqr1472720012.jpg
68,Amaretto Sunrise,/drink/14578-Amaretto-Sunrise,https://www.thecocktaildb.com/images/media/drink/akcpsh1493070267.jpg
69,Amaretto Sunset,/drink/17168-Amaretto-Sunset,https://www.thecocktaildb.com/images/media/drink/apictz1493069760.jpg
70,Amaretto Sweet & Sour,/drink/16202-Amaretto-Sweet-&-Sour,https://www.thecocktaildb.com/images/media/drink/vswwus1472668546.jpg
71,Amaretto Tea,/drink/11029-Amaretto-Tea,https://www.thecocktaildb.com/images/media/drink/b7qzo21493070167.jpg
72,Americano,/drink/15941-Americano,https://www.thecocktaildb.com/images/media/drink/709s6m1613655124.jpg
73,Angel Face,/drink/11034-Angel-Face,https://www.thecocktaildb.com/images/media/drink/vaukir1606772580.jpg
74,Angelica Liqueur,/drink/12794-Angelica-Liqueur,https://www.thecocktaildb.com/images/media/drink/yuurps1472667672.jpg
75,Apello,/drink/15106-Apello,https://www.thecocktaildb.com/images/media/drink/uptxtv1468876415.jpg
76,Aperol Spritz,/drink/178325-Aperol-Spritz,https://www.thecocktaildb.com/images/media/drink/iloasq1587661955.jpg
77,Apple Berry Smoothie,/drink/12710-Apple-Berry-Smoothie,https://www.thecocktaildb.com/images/media/drink/xwqvur1468876473.jpg
78,Apple Cider Punch,/drink/12864-Apple-Cider-Punch,https://www.thecocktaildb.com/images/media/drink/xrqxuv1454513218.jpg
79,Apple Grande,/drink/16289-Apple-Grande,https://www.thecocktaildb.com/images/media/drink/wqrptx1472668622.jpg
80,Apple Highball,/drink/178353-Apple-Highball,https://www.thecocktaildb.com/images/media/drink/66mt9b1619695719.jpg
81,Apple Karate,/drink/12564-Apple-Karate,https://www.thecocktaildb.com/images/media/drink/syusvw1468876634.jpg
82,Apple Pie with A Crust,/drink/16958-Apple-Pie-with-A-Crust,https://www.thecocktaildb.com/images/media/drink/qspqxt1472720078.jpg
83,Apple Slammer,/drink/13683-Apple-Slammer,https://www.thecocktaildb.com/images/media/drink/09yd5f1493069852.jpg
84,Applecar,/drink/11046-Applecar,https://www.thecocktaildb.com/images/media/drink/sbffau1504389764.jpg
85,Applejack,/drink/16311-Applejack,https://www.thecocktaildb.com/images/media/drink/sutyqp1479209062.jpg
86,Apricot Lady,/drink/11050-Apricot-Lady,https://www.thecocktaildb.com/images/media/drink/7ityp11582579598.jpg
87,Apricot punch,/drink/15849-Apricot-punch,https://www.thecocktaildb.com/images/media/drink/tuxxtp1472668667.jpg
88,Aquamarine,/drink/178319-Aquamarine,https://www.thecocktaildb.com/images/media/drink/zvsre31572902738.jpg
89,Archbishop,/drink/11052-Archbishop,https://www.thecocktaildb.com/images/media/drink/4g6xds1582579703.jpg
90,Arctic Fish,/drink/14622-Arctic-Fish,https://www.thecocktaildb.com/images/media/drink/ttsvwy1472668781.jpg
91,Arctic Mouthwash,/drink/17118-Arctic-Mouthwash,https://www.thecocktaildb.com/images/media/drink/wqstwv1478963735.jpg
92,Arise My Love,/drink/11053-Arise-My-Love,https://www.thecocktaildb.com/images/media/drink/wyrrwv1441207432.jpg
93,Arizona Antifreeze,/drink/16354-Arizona-Antifreeze,https://www.thecocktaildb.com/images/media/drink/dbtylp1493067262.jpg
94,Arizona Stingers,/drink/14584-Arizona-Stingers,https://www.thecocktaildb.com/images/media/drink/y7w0721493068255.jpg
95,Arizona Twister,/drink/17074-Arizona-Twister,https://www.thecocktaildb.com/images/media/drink/ido1j01493068134.jpg
96,Army special,/drink/17066-Army-special,https://www.thecocktaildb.com/images/media/drink/55muhh1493068062.jpg
97,Arthur Tompkins,/drink/11054-Arthur-Tompkins,https://www.thecocktaildb.com/images/media/drink/7onfhz1493067921.jpg
98,Artillery,/drink/11055-Artillery,https://www.thecocktaildb.com/images/media/drink/g1vnbe1493067747.jpg
99,Artillery Punch,/drink/12870-Artillery-Punch,https://www.thecocktaildb.com/images/media/drink/9a4vqb1493067692.jpg
100,AT&T,/drink/13938-AT&T,https://www.thecocktaildb.com/images/media/drink/rhhwmp1493067619.jpg
101,Atlantic Sun,/drink/13423-Atlantic-Sun,https://www.thecocktaildb.com/images/media/drink/doyxqb1493067556.jpg
102,Atomic Lokade,/drink/13086-Atomic-Lokade,https://www.thecocktaildb.com/images/media/drink/n3zfrh1493067412.jpg
103,Auburn Headbanger,/drink/17020-Auburn-Headbanger,https://www.thecocktaildb.com/images/media/drink/vw7iv91493067320.jpg
104,Autodafé,/drink/12756-Autodafé,https://www.thecocktaildb.com/images/media/drink/7dkf0i1487602928.jpg
105,Autumn Garibaldi,/drink/178337-Autumn-Garibaldi,https://www.thecocktaildb.com/images/media/drink/ne7re71604179012.jpg
106,Avalanche,/drink/16419-Avalanche,https://www.thecocktaildb.com/images/media/drink/uppqty1472720165.jpg
107,Avalon,/drink/15266-Avalon,https://www.thecocktaildb.com/images/media/drink/3k9qic1493068931.jpg
108,Aviation,/drink/17180-Aviation,https://www.thecocktaildb.com/images/media/drink/trbplb1606855233.jpg
109,Aztec Punch,/drink/14364-Aztec-Punch,https://www.thecocktaildb.com/images/media/drink/uqwuyp1454514591.jpg
110,B-52,/drink/15853-B-52,https://www.thecocktaildb.com/images/media/drink/5a3vg61504372070.jpg
111,B-53,/drink/13332-B-53,https://www.thecocktaildb.com/images/media/drink/rwqxrv1461866023.jpg
112,Baby Eskimo,/drink/15511-Baby-Eskimo,https://www.thecocktaildb.com/images/media/drink/wywrtw1472720227.jpg
113,Baby Guinness,/drink/17079-Baby-Guinness,https://www.thecocktaildb.com/images/media/drink/rvyvxs1473482359.jpg
114,Bacardi Cocktail,/drink/17183-Bacardi-Cocktail,https://www.thecocktaildb.com/images/media/drink/n433t21504348259.jpg
115,Bahama Mama,/drink/17267-Bahama-Mama,https://www.thecocktaildb.com/images/media/drink/tyb4a41515793339.jpg
116,Bailey's Dream Shake,/drink/14510-Baileys-Dream-Shake,https://www.thecocktaildb.com/images/media/drink/qxrvqw1472718959.jpg
117,Balmoral,/drink/11060-Balmoral,https://www.thecocktaildb.com/images/media/drink/vysuyq1441206297.jpg
118,Banana Cantaloupe Smoothie,/drink/12708-Banana-Cantaloupe-Smoothie,https://www.thecocktaildb.com/images/media/drink/uqxqsy1468876703.jpg
119,Banana Cream Pi,/drink/178320-Banana-Cream-Pi,https://www.thecocktaildb.com/images/media/drink/m5p67n1582474609.jpg
120,Banana Daiquiri,/drink/11064-Banana-Daiquiri,https://www.thecocktaildb.com/images/media/drink/k1xatq1504389300.jpg
121,Banana Milk Shake,/drink/12654-Banana-Milk-Shake,https://www.thecocktaildb.com/images/media/drink/rtwwsx1472720307.jpg
122,Banana Strawberry Shake,/drink/12656-Banana-Strawberry-Shake,https://www.thecocktaildb.com/images/media/drink/vqquwx1472720634.jpg
123,Banana Strawberry Shake Daiquiri,/drink/12658-Banana-Strawberry-Shake-Daiquiri,https://www.thecocktaildb.com/images/media/drink/uvypss1472720581.jpg
124,Barracuda,/drink/17209-Barracuda,https://www.thecocktaildb.com/images/media/drink/jwmr1x1504372337.jpg
125,Bee's Knees,/drink/178317-Bees-Knees,https://www.thecocktaildb.com/images/media/drink/tx8ne41582475326.jpg
126,Belgian Blue,/drink/14071-Belgian-Blue,https://www.thecocktaildb.com/images/media/drink/jylbrq1582580066.jpg
127,Bellini,/drink/17195-Bellini,https://www.thecocktaildb.com/images/media/drink/eaag491504367543.jpg
128,Bellini Martini,/drink/16176-Bellini-Martini,https://www.thecocktaildb.com/images/media/drink/3h9wv51504389379.jpg
129,Bermuda Highball,/drink/11084-Bermuda-Highball,https://www.thecocktaildb.com/images/media/drink/qrvtww1441206528.jpg
130,Berry Deadly,/drink/12876-Berry-Deadly,https://www.thecocktaildb.com/images/media/drink/zk74k21593351065.jpg
131,Between The Sheets,/drink/17184-Between-The-Sheets,https://www.thecocktaildb.com/images/media/drink/of1rj41504348346.jpg
132,Bible Belt,/drink/16986-Bible-Belt,https://www.thecocktaildb.com/images/media/drink/6bec6v1503563675.jpg
133,Big Red,/drink/13222-Big-Red,https://www.thecocktaildb.com/images/media/drink/yqwuwu1441248116.jpg
134,Bijou,/drink/17254-Bijou,https://www.thecocktaildb.com/images/media/drink/rysb3r1513706985.jpg
135,Black & Tan,/drink/13282-Black-&-Tan,https://www.thecocktaildb.com/images/media/drink/rwpswp1454511017.jpg
136,Black and Brown,/drink/16403-Black-and-Brown,https://www.thecocktaildb.com/images/media/drink/wwuvxv1472668899.jpg
137,Black Forest Shake,/drink/15951-Black-Forest-Shake,https://www.thecocktaildb.com/images/media/drink/xxtxsu1472720505.jpg
138,Black Russian,/drink/11102-Black-Russian,https://www.thecocktaildb.com/images/media/drink/8oxlqf1606772765.jpg
139,Blackthorn,/drink/11106-Blackthorn,https://www.thecocktaildb.com/images/media/drink/dgj92f1616098672.jpg
140,Bleeding Surgeon,/drink/16295-Bleeding-Surgeon,https://www.thecocktaildb.com/images/media/drink/usuvvr1472719118.jpg
141,Blind Russian,/drink/14356-Blind-Russian,https://www.thecocktaildb.com/images/media/drink/wxuqvr1472720408.jpg
142,Bloody Maria,/drink/11112-Bloody-Maria,https://www.thecocktaildb.com/images/media/drink/yz0j6z1504389461.jpg
143,Bloody Mary,/drink/11113-Bloody-Mary,https://www.thecocktaildb.com/images/media/drink/t6caa21582485702.jpg
144,Bloody Punch,/drink/178312-Bloody-Punch,https://www.thecocktaildb.com/images/media/drink/5yhd3n1571687385.jpg
145,Blue Hurricane,/drink/17268-Blue-Hurricane,https://www.thecocktaildb.com/images/media/drink/nwx02s1515795822.jpg
146,Blue Lagoon,/drink/11117-Blue-Lagoon,https://www.thecocktaildb.com/images/media/drink/5wm4zo1582579154.jpg
147,Blue Margarita,/drink/11118-Blue-Margarita,https://www.thecocktaildb.com/images/media/drink/bry4qh1582751040.jpg
148,Blue Mountain,/drink/11119-Blue-Mountain,https://www.thecocktaildb.com/images/media/drink/bih7ln1582485506.jpg
149,Blueberry Mojito,/drink/178336-Blueberry-Mojito,https://www.thecocktaildb.com/images/media/drink/07iep51598719977.jpg
150,Bluebird,/drink/11120-Bluebird,https://www.thecocktaildb.com/images/media/drink/5jhyd01582579843.jpg
151,Bob Marley,/drink/13395-Bob-Marley,https://www.thecocktaildb.com/images/media/drink/rrqrst1477140664.jpg
152,Bobby Burns Cocktail,/drink/11121-Bobby-Burns-Cocktail,https://www.thecocktaildb.com/images/media/drink/km6se51484411608.jpg
153,Bombay Cassis,/drink/17242-Bombay-Cassis,https://www.thecocktaildb.com/images/media/drink/h1e0e51510136907.jpg
154,Boomerang,/drink/11124-Boomerang,https://www.thecocktaildb.com/images/media/drink/3m6yz81504389551.jpg
155,Boozy Snickers Milkshake,/drink/17221-Boozy-Snickers-Milkshake,https://www.thecocktaildb.com/images/media/drink/861tzm1504784164.jpg
156,Bora Bora,/drink/12572-Bora-Bora,https://www.thecocktaildb.com/images/media/drink/xwuqvw1473201811.jpg
157,Boston Sidecar,/drink/11128-Boston-Sidecar,https://www.thecocktaildb.com/images/media/drink/qzs5d11504365962.jpg
158,Boston Sour,/drink/11129-Boston-Sour,https://www.thecocktaildb.com/images/media/drink/kxlgbi1504366100.jpg
159,Boulevardier,/drink/17251-Boulevardier,https://www.thecocktaildb.com/images/media/drink/km84qi1513705868.jpg
160,Bounty Hunter,/drink/178331-Bounty-Hunter,https://www.thecocktaildb.com/images/media/drink/t8bgxl1596018175.jpg
161,Bourbon Sling,/drink/11146-Bourbon-Sling,https://www.thecocktaildb.com/images/media/drink/3s36ql1504366260.jpg
162,Bourbon Sour,/drink/11147-Bourbon-Sour,https://www.thecocktaildb.com/images/media/drink/dms3io1504366318.jpg
163,Boxcar,/drink/11149-Boxcar,https://www.thecocktaildb.com/images/media/drink/pwgtpa1504366376.jpg
164,Brain Fart,/drink/17120-Brain-Fart,https://www.thecocktaildb.com/images/media/drink/rz5aun1504389701.jpg
165,Brainteaser,/drink/13405-Brainteaser,https://www.thecocktaildb.com/images/media/drink/ruywtq1461866066.jpg
166,Bramble,/drink/17210-Bramble,https://www.thecocktaildb.com/images/media/drink/twtbh51630406392.jpg
167,Brandon and Will's Coke Float,/drink/16447-Brandon-and-Wills-Coke-Float,https://www.thecocktaildb.com/images/media/drink/xspxyr1472719185.jpg
168,Brandy Alexander,/drink/11016-Brandy-Alexander,https://www.thecocktaildb.com/images/media/drink/mlyk1i1606772340.jpg
169,Brandy Cobbler,/drink/11157-Brandy-Cobbler,https://www.thecocktaildb.com/images/media/drink/5xgu591582580586.jpg
170,Brandy Flip,/drink/11164-Brandy-Flip,https://www.thecocktaildb.com/images/media/drink/6ty09d1504366461.jpg
171,Brandy Sour,/drink/11170-Brandy-Sour,https://www.thecocktaildb.com/images/media/drink/b1bxgq1582484872.jpg
172,Brave Bull Shooter,/drink/13068-Brave-Bull-Shooter,https://www.thecocktaildb.com/images/media/drink/yrtypx1473344625.jpg
173,Brigadier,/drink/17825-Brigadier,https://www.thecocktaildb.com/images/media/drink/nl89tf1518947401.jpg
174,Broadside,/drink/178311-Broadside,https://www.thecocktaildb.com/images/media/drink/l2o6xu1582476870.jpg
175,Brooklyn,/drink/178310-Brooklyn,https://www.thecocktaildb.com/images/media/drink/ojsezf1582477277.jpg
176,Bruce's Puce,/drink/13066-Bruces-Puce,https://www.thecocktaildb.com/images/media/drink/svsvqv1473344558.jpg
177,Bruised Heart,/drink/16998-Bruised-Heart,https://www.thecocktaildb.com/images/media/drink/7if5kq1503564209.jpg
178,Bubble Gum,/drink/14730-Bubble-Gum,https://www.thecocktaildb.com/images/media/drink/spuurv1468878783.jpg
179,Buccaneer,/drink/17035-Buccaneer,https://www.thecocktaildb.com/images/media/drink/upvtyt1441249023.jpg
180,Bumble Bee,/drink/14538-Bumble-Bee,https://www.thecocktaildb.com/images/media/drink/uwqpvv1461866378.jpg
181,Butter Baby,/drink/17220-Butter-Baby,https://www.thecocktaildb.com/images/media/drink/1xhjk91504783763.jpg
182,Butterfly Effect,/drink/178356-Butterfly-Effect,https://www.thecocktaildb.com/images/media/drink/ht3hnk1619704289.jpg
183,Cafe Savoy,/drink/14181-Cafe-Savoy,https://www.thecocktaildb.com/images/media/drink/vqwptt1441247711.jpg
184,Caipirinha,/drink/11202-Caipirinha,https://www.thecocktaildb.com/images/media/drink/jgvn7p1582484435.jpg
185,Caipirissima,/drink/13206-Caipirissima,https://www.thecocktaildb.com/images/media/drink/yd47111503565515.jpg
186,California Lemonade,/drink/11205-California-Lemonade,https://www.thecocktaildb.com/images/media/drink/q5z4841582484168.jpg
187,California Root Beer,/drink/14282-California-Root-Beer,https://www.thecocktaildb.com/images/media/drink/rsxuyr1472719526.jpg
188,Campari Beer,/drink/16047-Campari-Beer,https://www.thecocktaildb.com/images/media/drink/xsqrup1441249130.jpg
189,Captain Kidd's Punch,/drink/178329-Captain-Kidds-Punch,https://www.thecocktaildb.com/images/media/drink/d83spj1596017390.jpg
190,Caribbean Boilermaker,/drink/17065-Caribbean-Boilermaker,https://www.thecocktaildb.com/images/media/drink/svsxsv1454511666.jpg
191,Caribbean Orange Liqueur,/drink/12796-Caribbean-Orange-Liqueur,https://www.thecocktaildb.com/images/media/drink/qwxuwy1472667570.jpg
192,Casa Blanca,/drink/11222-Casa-Blanca,https://www.thecocktaildb.com/images/media/drink/usspxq1441553762.jpg
193,Casino,/drink/17185-Casino,https://www.thecocktaildb.com/images/media/drink/1mvjxg1504348579.jpg
194,Casino Royale,/drink/11224-Casino-Royale,https://www.thecocktaildb.com/images/media/drink/3qpv121504366699.jpg
195,Castillian Hot Chocolate,/drink/12730-Castillian-Hot-Chocolate,https://www.thecocktaildb.com/images/media/drink/3nbu4a1487603196.jpg
196,Champagne Cocktail,/drink/11227-Champagne-Cocktail,https://www.thecocktaildb.com/images/media/drink/t5pv461606773026.jpg
197,Cherry Electric Lemonade,/drink/17174-Cherry-Electric-Lemonade,https://www.thecocktaildb.com/images/media/drink/tquyyt1451299548.jpg
198,Cherry Rum,/drink/11239-Cherry-Rum,https://www.thecocktaildb.com/images/media/drink/twsuvr1441554424.jpg
199,Chicago Fizz,/drink/11242-Chicago-Fizz,https://www.thecocktaildb.com/images/media/drink/qwvwqr1441207763.jpg
200,Chocolate Beverage,/drink/12732-Chocolate-Beverage,https://www.thecocktaildb.com/images/media/drink/jbqrhv1487603186.jpg
201,Chocolate Black Russian,/drink/11243-Chocolate-Black-Russian,https://www.thecocktaildb.com/images/media/drink/yyvywx1472720879.jpg
202,Chocolate Drink,/drink/12734-Chocolate-Drink,https://www.thecocktaildb.com/images/media/drink/q7w4xu1487603180.jpg
203,Chocolate Milk,/drink/13328-Chocolate-Milk,https://www.thecocktaildb.com/images/media/drink/j6q35t1504889399.jpg
204,Chocolate Monkey,/drink/15615-Chocolate-Monkey,https://www.thecocktaildb.com/images/media/drink/tyvpxt1468875212.jpg
205,Citrus Coke,/drink/17135-Citrus-Coke,https://www.thecocktaildb.com/images/media/drink/uyrvut1479473214.jpg
206,City Slicker,/drink/11251-City-Slicker,https://www.thecocktaildb.com/images/media/drink/dazdlg1504366949.jpg
207,Classic Old-Fashioned,/drink/11145-Classic-Old-Fashioned,https://www.thecocktaildb.com/images/media/drink/w8cxqv1582485254.jpg
208,Clove Cocktail,/drink/11255-Clove-Cocktail,https://www.thecocktaildb.com/images/media/drink/qxvtst1461867579.jpg
209,Clover Club,/drink/17186-Clover-Club,https://www.thecocktaildb.com/images/media/drink/t0aja61504348715.jpg
210,Cocktail Horse’s Neck,/drink/178369-Cocktail-Horse’s-Neck,https://www.thecocktaildb.com/images/media/drink/4vobt21643844913.jpg
211,Coffee Liqueur,/drink/12798-Coffee-Liqueur,https://www.thecocktaildb.com/images/media/drink/ryvtsu1441253851.jpg
212,Coffee-Vodka,/drink/12800-Coffee-Vodka,https://www.thecocktaildb.com/images/media/drink/qvrrvu1472667494.jpg
213,Coke and Drops,/drink/17108-Coke-and-Drops,https://www.thecocktaildb.com/images/media/drink/yrtxxp1472719367.jpg
214,Corn n Oil,/drink/17830-Corn-n-Oil,https://www.thecocktaildb.com/images/media/drink/pk6dwi1592767243.jpg
215,Corpse Reviver,/drink/17250-Corpse-Reviver,https://www.thecocktaildb.com/images/media/drink/gifgao1513704334.jpg
216,Cosmopolitan,/drink/17196-Cosmopolitan,https://www.thecocktaildb.com/images/media/drink/kpsajh1504368362.jpg
217,Cosmopolitan Martini,/drink/14133-Cosmopolitan-Martini,https://www.thecocktaildb.com/images/media/drink/upxxpq1439907580.jpg
218,Cranberry Cordial,/drink/12802-Cranberry-Cordial,https://www.thecocktaildb.com/images/media/drink/qtspsx1472667392.jpg
219,Cranberry Punch,/drink/12890-Cranberry-Punch,https://www.thecocktaildb.com/images/media/drink/mzgaqu1504389248.jpg
220,Cream Soda,/drink/14608-Cream-Soda,https://www.thecocktaildb.com/images/media/drink/yqstxr1479209367.jpg
221,Creme de Menthe,/drink/12808-Creme-de-Menthe,https://www.thecocktaildb.com/images/media/drink/yxswtp1441253918.jpg
222,Cuba Libra,/drink/13751-Cuba-Libra,https://www.thecocktaildb.com/images/media/drink/ck6d0p1504388696.jpg
223,Cuba Libre,/drink/11288-Cuba-Libre,https://www.thecocktaildb.com/images/media/drink/wmkbfj1606853905.jpg
224,Daiquiri,/drink/11006-Daiquiri,https://www.thecocktaildb.com/images/media/drink/mrz9091589574515.jpg
225,Damned if you do,/drink/13194-Damned-if-you-do,https://www.thecocktaildb.com/images/media/drink/ql7bmx1503565106.jpg
226,Danbooka,/drink/15409-Danbooka,https://www.thecocktaildb.com/images/media/drink/vurrxr1441246074.jpg
227,Dark and Stormy,/drink/17211-Dark-and-Stormy,https://www.thecocktaildb.com/images/media/drink/t1tn0s1504374905.jpg
228,Dark Caipirinha,/drink/17177-Dark-Caipirinha,https://www.thecocktaildb.com/images/media/drink/uwstrx1472406058.jpg
229,Darkwood Sling,/drink/14482-Darkwood-Sling,https://www.thecocktaildb.com/images/media/drink/sxxsyq1472719303.jpg
230,Death in the Afternoon,/drink/178334-Death-in-the-Afternoon,https://www.thecocktaildb.com/images/media/drink/y7s3rh1598719574.jpg
231,Derby,/drink/17187-Derby,https://www.thecocktaildb.com/images/media/drink/52weey1606772672.jpg
232,Diesel,/drink/13128-Diesel,https://www.thecocktaildb.com/images/media/drink/sxrrqq1454512852.jpg
233,Dirty Martini,/drink/17181-Dirty-Martini,https://www.thecocktaildb.com/images/media/drink/vcyvpq1485083300.jpg
234,Dirty Nipple,/drink/14466-Dirty-Nipple,https://www.thecocktaildb.com/images/media/drink/vtyqrt1461866508.jpg
235,Downshift,/drink/16991-Downshift,https://www.thecocktaildb.com/images/media/drink/y36z8c1503563911.jpg
236,Dragonfly,/drink/11320-Dragonfly,https://www.thecocktaildb.com/images/media/drink/uc63bh1582483589.jpg
237,Drinking Chocolate,/drink/12736-Drinking-Chocolate,https://www.thecocktaildb.com/images/media/drink/u6jrdf1487603173.jpg
238,Dry Martini,/drink/11005-Dry-Martini,https://www.thecocktaildb.com/images/media/drink/6ck9yi1589574317.jpg
239,Dry Rob Roy,/drink/11324-Dry-Rob-Roy,https://www.thecocktaildb.com/images/media/drink/typuyq1439456976.jpg
240,Dubonnet Cocktail,/drink/11326-Dubonnet-Cocktail,https://www.thecocktaildb.com/images/media/drink/pfz3hz1582483111.jpg
241,Duchamp's Punch,/drink/17182-Duchamps-Punch,https://www.thecocktaildb.com/images/media/drink/g51naw1485084685.jpg
242,Egg Cream,/drink/12668-Egg-Cream,https://www.thecocktaildb.com/images/media/drink/mvis731484430445.jpg
243,Egg Nog #4,/drink/12910-Egg-Nog-#4,https://www.thecocktaildb.com/images/media/drink/wpspsy1468875747.jpg
244,Egg Nog - Healthy,/drink/12916-Egg-Nog---Healthy,https://www.thecocktaildb.com/images/media/drink/qxuppv1468875308.jpg
245,Egg-Nog - Classic Cooked,/drink/12914-Egg-Nog---Classic-Cooked,https://www.thecocktaildb.com/images/media/drink/quxsvt1468875505.jpg
246,Elderflower Caipirinha,/drink/178346-Elderflower-Caipirinha,https://www.thecocktaildb.com/images/media/drink/dif7a31614006331.jpg
247,Empellón Cocina's Fat-Washed Mezcal,/drink/17246-Empellón-Cocinas-Fat-Washed-Mezcal,https://www.thecocktaildb.com/images/media/drink/osgvxt1513595509.jpg
248,English Highball,/drink/11338-English-Highball,https://www.thecocktaildb.com/images/media/drink/dhvr7d1504519752.jpg
249,English Rose Cocktail,/drink/11339-English-Rose-Cocktail,https://www.thecocktaildb.com/images/media/drink/yxwrpp1441208697.jpg
250,Espresso Martini,/drink/17212-Espresso-Martini,https://www.thecocktaildb.com/images/media/drink/n0sx531504372951.jpg
251,Espresso Rumtini,/drink/178309-Espresso-Rumtini,https://www.thecocktaildb.com/images/media/drink/acvf171561574403.jpg
252,Fahrenheit 5000,/drink/13070-Fahrenheit-5000,https://www.thecocktaildb.com/images/media/drink/tysssx1473344692.jpg
253,Figgy Thyme,/drink/178344-Figgy-Thyme,https://www.thecocktaildb.com/images/media/drink/pbw4e51606766578.jpg
254,Flaming Dr. Pepper,/drink/13202-Flaming-Dr.-Pepper,https://www.thecocktaildb.com/images/media/drink/d30z931503565384.jpg
255,Flaming Lamborghini,/drink/16485-Flaming-Lamborghini,https://www.thecocktaildb.com/images/media/drink/yywpss1461866587.jpg
256,Flander's Flake-Out,/drink/13675-Flanders-Flake-Out,https://www.thecocktaildb.com/images/media/drink/sqvqrx1461866705.jpg
257,Flying Dutchman,/drink/11368-Flying-Dutchman,https://www.thecocktaildb.com/images/media/drink/mwko4q1582482903.jpg
258,Flying Scotchman,/drink/11369-Flying-Scotchman,https://www.thecocktaildb.com/images/media/drink/q53l911582482518.jpg
259,Foxy Lady,/drink/11375-Foxy-Lady,https://www.thecocktaildb.com/images/media/drink/r9cz3q1504519844.jpg
260,Frappé,/drink/12768-Frappé,https://www.thecocktaildb.com/images/media/drink/vqwryq1441245927.jpg
261,Freddy Kruger,/drink/14688-Freddy-Kruger,https://www.thecocktaildb.com/images/media/drink/tuppuq1461866798.jpg
262,French 75,/drink/17197-French-75,https://www.thecocktaildb.com/images/media/drink/hrxfbl1606773109.jpg
263,French Connection,/drink/17198-French-Connection,https://www.thecocktaildb.com/images/media/drink/zaqa381504368758.jpg
264,French Martini,/drink/17213-French-Martini,https://www.thecocktaildb.com/images/media/drink/clth721504373134.jpg
265,French Negroni,/drink/17248-French-Negroni,https://www.thecocktaildb.com/images/media/drink/x8lhp41513703167.jpg
266,Frisco Sour,/drink/11382-Frisco-Sour,https://www.thecocktaildb.com/images/media/drink/acuvjz1582482022.jpg
267,Frosé,/drink/178352-Frosé,https://www.thecocktaildb.com/images/media/drink/b4cadp1619695347.jpg
268,Frozen Daiquiri,/drink/11387-Frozen-Daiquiri,https://www.thecocktaildb.com/images/media/drink/7oyrj91504884412.jpg
269,Frozen Mint Daiquiri,/drink/11390-Frozen-Mint-Daiquiri,https://www.thecocktaildb.com/images/media/drink/jrhn1q1504884469.jpg
270,Frozen Pineapple Daiquiri,/drink/11391-Frozen-Pineapple-Daiquiri,https://www.thecocktaildb.com/images/media/drink/k3aecd1582481679.jpg
271,Fruit Cooler,/drink/12670-Fruit-Cooler,https://www.thecocktaildb.com/images/media/drink/i3tfn31484430499.jpg
272,Fruit Flip-Flop,/drink/12672-Fruit-Flip-Flop,https://www.thecocktaildb.com/images/media/drink/nfdx6p1484430633.jpg
273,Fruit Shake,/drink/12674-Fruit-Shake,https://www.thecocktaildb.com/images/media/drink/q0fg2m1484430704.jpg
274,Funk and Soul,/drink/178328-Funk-and-Soul,https://www.thecocktaildb.com/images/media/drink/qtv83q1596015790.jpg
275,Fuzzy Asshole,/drink/15743-Fuzzy-Asshole,https://www.thecocktaildb.com/images/media/drink/wrvpuu1472667898.jpg
276,Gagliardo,/drink/12758-Gagliardo,https://www.thecocktaildb.com/images/media/drink/lyloe91487602877.jpg
277,Garibaldi Negroni,/drink/178340-Garibaldi-Negroni,https://www.thecocktaildb.com/images/media/drink/kb4bjg1604179771.jpg
278,Gentleman's Club,/drink/11396-Gentlemans-Club,https://www.thecocktaildb.com/images/media/drink/k2r7wv1582481454.jpg
279,GG,/drink/15997-GG,https://www.thecocktaildb.com/images/media/drink/vyxwut1468875960.jpg
280,Gideon's Green Dinosaur,/drink/17002-Gideons-Green-Dinosaur,https://www.thecocktaildb.com/images/media/drink/p5r0tr1503564636.jpg
281,Gimlet,/drink/17255-Gimlet,https://www.thecocktaildb.com/images/media/drink/3xgldt1513707271.jpg
282,Gin and Soda,/drink/178342-Gin-and-Soda,https://www.thecocktaildb.com/images/media/drink/nzlyc81605905755.jpg
283,Gin And Tonic,/drink/11403-Gin-And-Tonic,https://www.thecocktaildb.com/images/media/drink/k0508k1668422436.jpg
284,Gin Basil Smash,/drink/178314-Gin-Basil-Smash,https://www.thecocktaildb.com/images/media/drink/jqh2141572807327.jpg
285,Gin Cooler,/drink/11407-Gin-Cooler,https://www.thecocktaildb.com/images/media/drink/678xt11582481163.jpg
286,Gin Daisy,/drink/11408-Gin-Daisy,https://www.thecocktaildb.com/images/media/drink/z6e22f1582581155.jpg
287,Gin Fizz,/drink/11410-Gin-Fizz,https://www.thecocktaildb.com/images/media/drink/drtihp1606768397.jpg
288,Gin Lemon,/drink/178366-Gin-Lemon,https://www.thecocktaildb.com/images/media/drink/6gdohq1681212476.jpg
289,Gin Rickey,/drink/17230-Gin-Rickey,https://www.thecocktaildb.com/images/media/drink/s00d6f1504883945.jpg
290,Gin Sling,/drink/11415-Gin-Sling,https://www.thecocktaildb.com/images/media/drink/8cl9sm1582581761.jpg
291,Gin Smash,/drink/11416-Gin-Smash,https://www.thecocktaildb.com/images/media/drink/iprva61606768774.jpg
292,Gin Sour,/drink/11417-Gin-Sour,https://www.thecocktaildb.com/images/media/drink/noxp7e1606769224.jpg
293,Gin Squirt,/drink/11418-Gin-Squirt,https://www.thecocktaildb.com/images/media/drink/xrbhz61504883702.jpg
294,Gin Swizzle,/drink/11419-Gin-Swizzle,https://www.thecocktaildb.com/images/media/drink/sybce31504884026.jpg
295,Gin Toddy,/drink/11420-Gin-Toddy,https://www.thecocktaildb.com/images/media/drink/jxstwf1582582101.jpg
296,Gin Tonic,/drink/178365-Gin-Tonic,https://www.thecocktaildb.com/images/media/drink/qcgz0t1643821443.jpg
297,Girl From Ipanema,/drink/17175-Girl-From-Ipanema,https://www.thecocktaildb.com/images/media/drink/xypspq1469090633.jpg
298,Gluehwein,/drink/12944-Gluehwein,https://www.thecocktaildb.com/images/media/drink/vuxwvt1468875418.jpg
299,Godchild,/drink/11422-Godchild,https://www.thecocktaildb.com/images/media/drink/m5nhtr1504820829.jpg
300,Godfather,/drink/11423-Godfather,https://www.thecocktaildb.com/images/media/drink/e5zgao1582582378.jpg
301,Godmother,/drink/11424-Godmother,https://www.thecocktaildb.com/images/media/drink/quksqg1582582597.jpg
302,Golden dream,/drink/17199-Golden-dream,https://www.thecocktaildb.com/images/media/drink/qrot6j1504369425.jpg
303,Grand Blue,/drink/15427-Grand-Blue,https://www.thecocktaildb.com/images/media/drink/vsrsqu1472761749.jpg
304,Grape lemon pineapple Smoothie,/drink/12712-Grape-lemon-pineapple-Smoothie,https://www.thecocktaildb.com/images/media/drink/54z5h71487603583.jpg
305,Grass Skirt,/drink/11433-Grass-Skirt,https://www.thecocktaildb.com/images/media/drink/qyvprp1473891585.jpg
306,Grasshopper,/drink/17200-Grasshopper,https://www.thecocktaildb.com/images/media/drink/aqm9el1504369613.jpg
307,Green Goblin,/drink/13497-Green-Goblin,https://www.thecocktaildb.com/images/media/drink/qxprxr1454511520.jpg
308,Greyhound,/drink/17252-Greyhound,https://www.thecocktaildb.com/images/media/drink/g5upn41513706732.jpg
309,Grim Reaper,/drink/14642-Grim-Reaper,https://www.thecocktaildb.com/images/media/drink/kztu161504883192.jpg
310,Grizzly Bear,/drink/12762-Grizzly-Bear,https://www.thecocktaildb.com/images/media/drink/k6v97f1487602550.jpg
311,H.D.,/drink/16262-H.D.,https://www.thecocktaildb.com/images/media/drink/upusyu1472667977.jpg
312,Halloween Punch,/drink/178313-Halloween-Punch,https://www.thecocktaildb.com/images/media/drink/7hcgyj1571687671.jpg
313,Happy Skipper,/drink/12766-Happy-Skipper,https://www.thecocktaildb.com/images/media/drink/42w2g41487602448.jpg
314,Harvey Wallbanger,/drink/11462-Harvey-Wallbanger,https://www.thecocktaildb.com/images/media/drink/7os4gs1606854357.jpg
315,Havana Cocktail,/drink/11470-Havana-Cocktail,https://www.thecocktaildb.com/images/media/drink/59splc1504882899.jpg
316,Hawaiian Cocktail,/drink/11472-Hawaiian-Cocktail,https://www.thecocktaildb.com/images/media/drink/ujoh9x1504882987.jpg
317,Hemingway Special,/drink/17201-Hemingway-Special,https://www.thecocktaildb.com/images/media/drink/jfcvps1504369888.jpg
318,Herbal flame,/drink/15813-Herbal-flame,https://www.thecocktaildb.com/images/media/drink/rrstxv1441246184.jpg
319,Highland Fling Cocktail,/drink/11476-Highland-Fling-Cocktail,https://www.thecocktaildb.com/images/media/drink/0bkwca1492975553.jpg
320,Holloween Punch,/drink/12954-Holloween-Punch,https://www.thecocktaildb.com/images/media/drink/lfeoe41504888925.jpg
321,Homemade Kahlua,/drink/17044-Homemade-Kahlua,https://www.thecocktaildb.com/images/media/drink/uwtsst1441254025.jpg
322,Honey Bee,/drink/178316-Honey-Bee,https://www.thecocktaildb.com/images/media/drink/vu8l7t1582475673.jpg
323,Horse's Neck,/drink/17202-Horses-Neck,https://www.thecocktaildb.com/images/media/drink/006k4e1504370092.jpg
324,Hot Chocolate to Die for,/drink/12738-Hot-Chocolate-to-Die-for,https://www.thecocktaildb.com/images/media/drink/0lrmjp1487603166.jpg
325,Hot Creamy Bush,/drink/14782-Hot-Creamy-Bush,https://www.thecocktaildb.com/images/media/drink/spvrtp1472668037.jpg
326,Hot Toddy,/drink/178345-Hot-Toddy,https://www.thecocktaildb.com/images/media/drink/ggx0lv1613942306.jpg
327,Hunter's Moon,/drink/17239-Hunters-Moon,https://www.thecocktaildb.com/images/media/drink/t0iugg1509556712.jpg
328,Ice Pick,/drink/13539-Ice-Pick,https://www.thecocktaildb.com/images/media/drink/ypsrqp1469091726.jpg
329,Iced Coffee,/drink/12770-Iced-Coffee,https://www.thecocktaildb.com/images/media/drink/ytprxy1454513855.jpg
330,Iced Coffee Fillip,/drink/12772-Iced-Coffee-Fillip,https://www.thecocktaildb.com/images/media/drink/sxtxrp1454514223.jpg
331,Imperial Cocktail,/drink/12706-Imperial-Cocktail,https://www.thecocktaildb.com/images/media/drink/bcsj2e1487603625.jpg
332,Imperial Fizz,/drink/11524-Imperial-Fizz,https://www.thecocktaildb.com/images/media/drink/zj1usl1504884548.jpg
333,Ipamena,/drink/17176-Ipamena,https://www.thecocktaildb.com/images/media/drink/yswuwp1469090992.jpg
334,Irish Coffee,/drink/13971-Irish-Coffee,https://www.thecocktaildb.com/images/media/drink/sywsqw1439906999.jpg
335,Irish Cream,/drink/12820-Irish-Cream,https://www.thecocktaildb.com/images/media/drink/90etyl1504884699.jpg
336,Irish Curdling Cow,/drink/16987-Irish-Curdling-Cow,https://www.thecocktaildb.com/images/media/drink/yrhutv1503563730.jpg
337,Irish Russian,/drink/17015-Irish-Russian,https://www.thecocktaildb.com/images/media/drink/swqurw1454512730.jpg
338,Irish Spring,/drink/11528-Irish-Spring,https://www.thecocktaildb.com/images/media/drink/sot8v41504884783.jpg
339,Jack Rose Cocktail,/drink/11542-Jack-Rose-Cocktail,https://www.thecocktaildb.com/images/media/drink/uuqqrv1439907068.jpg
340,Jack's Vanilla Coke,/drink/16275-Jacks-Vanilla-Coke,https://www.thecocktaildb.com/images/media/drink/kjnt7z1504793319.jpg
341,Jackhammer,/drink/13847-Jackhammer,https://www.thecocktaildb.com/images/media/drink/9von5j1504388896.jpg
342,Jam Donut,/drink/17178-Jam-Donut,https://www.thecocktaildb.com/images/media/drink/uuytrp1474039804.jpg
343,Jamaica Kiss,/drink/14095-Jamaica-Kiss,https://www.thecocktaildb.com/images/media/drink/urpvvv1441249549.jpg
344,Jamaican Coffee,/drink/15825-Jamaican-Coffee,https://www.thecocktaildb.com/images/media/drink/xqptps1441247257.jpg
345,Japanese Fizz,/drink/11558-Japanese-Fizz,https://www.thecocktaildb.com/images/media/drink/37vzv11504884831.jpg
346,Jello shots,/drink/14956-Jello-shots,https://www.thecocktaildb.com/images/media/drink/l0smzo1504884904.jpg
347,Jelly Bean,/drink/13775-Jelly-Bean,https://www.thecocktaildb.com/images/media/drink/bglc6y1504388797.jpg
348,Jewel Of The Nile,/drink/11566-Jewel-Of-The-Nile,https://www.thecocktaildb.com/images/media/drink/hx4nrb1504884947.jpg
349,Jitterbug,/drink/16178-Jitterbug,https://www.thecocktaildb.com/images/media/drink/wwqvrq1441245318.jpg
350,John Collins,/drink/11580-John-Collins,https://www.thecocktaildb.com/images/media/drink/0t4bv71606854479.jpg
351,Just a Moonmint,/drink/12688-Just-a-Moonmint,https://www.thecocktaildb.com/images/media/drink/znald61487604035.jpg
352,Kamikaze,/drink/11600-Kamikaze,https://www.thecocktaildb.com/images/media/drink/d7ff7u1606855412.jpg
353,Karsk,/drink/12764-Karsk,https://www.thecocktaildb.com/images/media/drink/808mxk1487602471.jpg
354,Kentucky B And B,/drink/11602-Kentucky-B-And-B,https://www.thecocktaildb.com/images/media/drink/sqxsxp1478820236.jpg
355,Kentucky Colonel,/drink/11604-Kentucky-Colonel,https://www.thecocktaildb.com/images/media/drink/utqwpu1478820348.jpg
356,Kill the cold Smoothie,/drink/12720-Kill-the-cold-Smoothie,https://www.thecocktaildb.com/images/media/drink/7j1z2e1487603414.jpg
357,Kioki Coffee,/drink/16951-Kioki-Coffee,https://www.thecocktaildb.com/images/media/drink/uppqty1441247374.jpg
358,Kir,/drink/17203-Kir,https://www.thecocktaildb.com/images/media/drink/apneom1504370294.jpg
359,Kir Royale,/drink/13837-Kir-Royale,https://www.thecocktaildb.com/images/media/drink/yt9i7n1504370388.jpg
360,Kiss me Quick,/drink/15026-Kiss-me-Quick,https://www.thecocktaildb.com/images/media/drink/m7iaxu1504885119.jpg
361,Kiwi Lemon,/drink/14752-Kiwi-Lemon,https://www.thecocktaildb.com/images/media/drink/tpupvr1478251697.jpg
362,Kiwi Martini,/drink/178359-Kiwi-Martini,https://www.thecocktaildb.com/images/media/drink/bmxmyq1630407098.jpg
363,Kiwi Papaya Smoothie,/drink/12714-Kiwi-Papaya-Smoothie,https://www.thecocktaildb.com/images/media/drink/jogv4w1487603571.jpg
364,Kool First Aid,/drink/17006-Kool-First-Aid,https://www.thecocktaildb.com/images/media/drink/hfp6sv1503564824.jpg
365,Kool-Aid Shot,/drink/13190-Kool-Aid-Shot,https://www.thecocktaildb.com/images/media/drink/fegm621503564966.jpg
366,Kool-Aid Slammer,/drink/14446-Kool-Aid-Slammer,https://www.thecocktaildb.com/images/media/drink/kugu2m1504735473.jpg
367,Kurant Tea,/drink/14456-Kurant-Tea,https://www.thecocktaildb.com/images/media/drink/xrsrpr1441247464.jpg
368,Lady Love Fizz,/drink/11634-Lady-Love-Fizz,https://www.thecocktaildb.com/images/media/drink/20d63k1504885263.jpg
369,Lassi - A South Indian Drink,/drink/12690-Lassi---A-South-Indian-Drink,https://www.thecocktaildb.com/images/media/drink/iq6scx1487603980.jpg
370,Lassi - Mango,/drink/12698-Lassi---Mango,https://www.thecocktaildb.com/images/media/drink/1bw6sd1487603816.jpg
371,Lassi - Sweet,/drink/12696-Lassi---Sweet,https://www.thecocktaildb.com/images/media/drink/9jeifz1487603885.jpg
372,Lassi Khara,/drink/12692-Lassi-Khara,https://www.thecocktaildb.com/images/media/drink/m1suzm1487603970.jpg
373,Lassi Raita,/drink/12694-Lassi-Raita,https://www.thecocktaildb.com/images/media/drink/s4x0qj1487603933.jpg
374,Lazy Coconut Paloma,/drink/178335-Lazy-Coconut-Paloma,https://www.thecocktaildb.com/images/media/drink/rytuex1598719770.jpg
375,Lemon Drop,/drink/14366-Lemon-Drop,https://www.thecocktaildb.com/images/media/drink/mtpxgk1504373297.jpg
376,Lemon Elderflower Spritzer,/drink/178360-Lemon-Elderflower-Spritzer,https://www.thecocktaildb.com/images/media/drink/125w0o1630407389.jpg
377,Lemon Shot,/drink/12752-Lemon-Shot,https://www.thecocktaildb.com/images/media/drink/mx31hv1487602979.jpg
378,Lemouroudji,/drink/12702-Lemouroudji,https://www.thecocktaildb.com/images/media/drink/eirmo71487603745.jpg
379,Limeade,/drink/12704-Limeade,https://www.thecocktaildb.com/images/media/drink/5jdp5r1487603680.jpg
380,Limona Corona,/drink/15086-Limona-Corona,https://www.thecocktaildb.com/images/media/drink/wwqrsw1441248662.jpg
381,Loch Lomond,/drink/11658-Loch-Lomond,https://www.thecocktaildb.com/images/media/drink/rpvtpr1468923881.jpg
382,London Town,/drink/11662-London-Town,https://www.thecocktaildb.com/images/media/drink/rpsrqv1468923507.jpg
383,Lone Tree Cocktail,/drink/11664-Lone-Tree-Cocktail,https://www.thecocktaildb.com/images/media/drink/tsxpty1468923417.jpg
384,Lone Tree Cooler,/drink/11666-Lone-Tree-Cooler,https://www.thecocktaildb.com/images/media/drink/wsyqry1479298485.jpg
385,Long Island Iced Tea,/drink/17204-Long-Island-Iced-Tea,https://www.thecocktaildb.com/images/media/drink/wx7hsg1504370510.jpg
386,Long Island Tea,/drink/11002-Long-Island-Tea,https://www.thecocktaildb.com/images/media/drink/nkwr4c1606770558.jpg
387,Long vodka,/drink/13196-Long-vodka,https://www.thecocktaildb.com/images/media/drink/9179i01503565212.jpg
388,Lord And Lady,/drink/11670-Lord-And-Lady,https://www.thecocktaildb.com/images/media/drink/quwrys1468923219.jpg
389,Lunch Box,/drink/14378-Lunch-Box,https://www.thecocktaildb.com/images/media/drink/qywpvt1454512546.jpg
390,Mai Tai,/drink/11690-Mai-Tai,https://www.thecocktaildb.com/images/media/drink/twyrrp1439907470.jpg
391,Malibu Twister,/drink/15224-Malibu-Twister,https://www.thecocktaildb.com/images/media/drink/2dwae41504885321.jpg
392,Mango Mojito,/drink/178358-Mango-Mojito,https://www.thecocktaildb.com/images/media/drink/wfqmgm1630406820.jpg
393,Mango Orange Smoothie,/drink/12716-Mango-Orange-Smoothie,https://www.thecocktaildb.com/images/media/drink/vdp2do1487603520.jpg
394,Manhattan,/drink/11008-Manhattan,https://www.thecocktaildb.com/images/media/drink/yk70e31606771240.jpg
395,Margarita,/drink/11007-Margarita,https://www.thecocktaildb.com/images/media/drink/5noda61589575158.jpg
396,Martinez 2,/drink/17256-Martinez-2,https://www.thecocktaildb.com/images/media/drink/fs6kiq1513708455.jpg
397,Martinez Cocktail,/drink/11720-Martinez-Cocktail,https://www.thecocktaildb.com/images/media/drink/wwxwvr1439906452.jpg
398,Martini,/drink/11728-Martini,https://www.thecocktaildb.com/images/media/drink/71t8581504353095.jpg
399,Mary Pickford,/drink/17188-Mary-Pickford,https://www.thecocktaildb.com/images/media/drink/f9erqb1504350557.jpg
400,Masala Chai,/drink/12774-Masala-Chai,https://www.thecocktaildb.com/images/media/drink/uyrpww1441246384.jpg
401,Mauresque,/drink/178370-Mauresque,https://www.thecocktaildb.com/images/media/drink/duwfa11686236556.jpg
402,Melya,/drink/12776-Melya,https://www.thecocktaildb.com/images/media/drink/xwtptq1441247579.jpg
403,Miami Vice,/drink/13936-Miami-Vice,https://www.thecocktaildb.com/images/media/drink/qvuyqw1441208955.jpg
404,Michelada,/drink/178343-Michelada,https://www.thecocktaildb.com/images/media/drink/u736bd1605907086.jpg
405,Microwave Hot Cocoa,/drink/12744-Microwave-Hot-Cocoa,https://www.thecocktaildb.com/images/media/drink/8y4x5f1487603151.jpg
406,Midnight Cowboy,/drink/11766-Midnight-Cowboy,https://www.thecocktaildb.com/images/media/drink/vsxxwy1441208133.jpg
407,Midnight Manx,/drink/13825-Midnight-Manx,https://www.thecocktaildb.com/images/media/drink/uqqurp1441208231.jpg
408,Midnight Mint,/drink/14842-Midnight-Mint,https://www.thecocktaildb.com/images/media/drink/svuvrq1441208310.jpg
409,Mimosa,/drink/17205-Mimosa,https://www.thecocktaildb.com/images/media/drink/juhcuu1504370685.jpg
410,Mint Julep,/drink/17206-Mint-Julep,https://www.thecocktaildb.com/images/media/drink/squyyq1439907312.jpg
411,Mississippi Planters Punch,/drink/11786-Mississippi-Planters-Punch,https://www.thecocktaildb.com/images/media/drink/urpyqs1439907531.jpg
412,Mocha-Berry,/drink/14209-Mocha-Berry,https://www.thecocktaildb.com/images/media/drink/vtwyyx1441246448.jpg
413,Mojito,/drink/11000-Mojito,https://www.thecocktaildb.com/images/media/drink/metwgh1606770327.jpg
414,Mojito Extra,/drink/15841-Mojito-Extra,https://www.thecocktaildb.com/images/media/drink/vwxrsw1478251483.jpg
415,Monkey Gland,/drink/17189-Monkey-Gland,https://www.thecocktaildb.com/images/media/drink/94psp81504350690.jpg
416,Monkey Wrench,/drink/11798-Monkey-Wrench,https://www.thecocktaildb.com/images/media/drink/bw2noj1582473243.jpg
417,Moranguito,/drink/16196-Moranguito,https://www.thecocktaildb.com/images/media/drink/urpsyq1475667335.jpg
418,Moscow Mule,/drink/11009-Moscow-Mule,https://www.thecocktaildb.com/images/media/drink/3pylqc1504370988.jpg
419,Mother's Milk,/drink/14053-Mothers-Milk,https://www.thecocktaildb.com/images/media/drink/7stuuh1504885399.jpg
420,Mountain Bramble,/drink/178355-Mountain-Bramble,https://www.thecocktaildb.com/images/media/drink/stwiva1619704025.jpg
421,Mudslinger,/drink/16041-Mudslinger,https://www.thecocktaildb.com/images/media/drink/hepk6h1504885554.jpg
422,Mulled Wine,/drink/12988-Mulled-Wine,https://www.thecocktaildb.com/images/media/drink/iuwi6h1504735724.jpg
423,Munich Mule,/drink/178315-Munich-Mule,https://www.thecocktaildb.com/images/media/drink/rj55pl1582476101.jpg
424,National Aquarium,/drink/13192-National-Aquarium,https://www.thecocktaildb.com/images/media/drink/dlw0om1503565021.jpg
425,Negroni,/drink/11003-Negroni,https://www.thecocktaildb.com/images/media/drink/qgdu971561574065.jpg
426,New York Lemonade,/drink/13204-New-York-Lemonade,https://www.thecocktaildb.com/images/media/drink/b3n0ge1503565473.jpg
427,New York Sour,/drink/11844-New-York-Sour,https://www.thecocktaildb.com/images/media/drink/61wgch1504882795.jpg
428,Nuked Hot Chocolate,/drink/12746-Nuked-Hot-Chocolate,https://www.thecocktaildb.com/images/media/drink/xcu6nb1487603142.jpg
429,Nutty Irishman,/drink/13861-Nutty-Irishman,https://www.thecocktaildb.com/images/media/drink/xspupx1441248014.jpg
430,Oatmeal Cookie,/drink/17266-Oatmeal-Cookie,https://www.thecocktaildb.com/images/media/drink/bsvmlg1515792693.jpg
431,Old Cuban,/drink/178371-Old-Cuban,https://www.thecocktaildb.com/images/media/drink/eo8gfx1699022995.jpg
432,Old Fashioned,/drink/11001-Old-Fashioned,https://www.thecocktaildb.com/images/media/drink/vrwquq1478252802.jpg
433,Old Pal,/drink/17827-Old-Pal,https://www.thecocktaildb.com/images/media/drink/x03td31521761009.jpg
434,Orange Crush,/drink/15330-Orange-Crush,https://www.thecocktaildb.com/images/media/drink/zvoics1504885926.jpg
435,Orange Oasis,/drink/11870-Orange-Oasis,https://www.thecocktaildb.com/images/media/drink/su1olx1582473812.jpg
436,Orange Push-up,/drink/14586-Orange-Push-up,https://www.thecocktaildb.com/images/media/drink/mgf0y91503565781.jpg
437,Orange Rosemary Collins,/drink/178341-Orange-Rosemary-Collins,https://www.thecocktaildb.com/images/media/drink/mokcas1604179977.jpg
438,Orange Scented Hot Chocolate,/drink/12748-Orange-Scented-Hot-Chocolate,https://www.thecocktaildb.com/images/media/drink/hdzwrh1487603131.jpg
439,Orange Whip,/drink/16995-Orange-Whip,https://www.thecocktaildb.com/images/media/drink/ttyrxr1454514759.jpg
440,Orangeade,/drink/12618-Orangeade,https://www.thecocktaildb.com/images/media/drink/ytsxxw1441167732.jpg
441,Oreo Mudslide,/drink/13499-Oreo-Mudslide,https://www.thecocktaildb.com/images/media/drink/tpwwut1468925017.jpg
442,Orgasm,/drink/11872-Orgasm,https://www.thecocktaildb.com/images/media/drink/vr6kle1504886114.jpg
443,Owen's Grandmother's Revenge,/drink/13200-Owens-Grandmothers-Revenge,https://www.thecocktaildb.com/images/media/drink/0wt4uo1503565321.jpg
444,Paloma,/drink/17253-Paloma,https://www.thecocktaildb.com/images/media/drink/samm5j1513706393.jpg
445,Paradise,/drink/17190-Paradise,https://www.thecocktaildb.com/images/media/drink/ejozd71504351060.jpg
446,Passion Fruit Martini,/drink/178323-Passion-Fruit-Martini,https://www.thecocktaildb.com/images/media/drink/6trfve1582473527.jpg
447,Pegu Club,/drink/17249-Pegu-Club,https://www.thecocktaildb.com/images/media/drink/jfkemm1513703902.jpg
448,Penicillin,/drink/17829-Penicillin,https://www.thecocktaildb.com/images/media/drink/hc9b1a1521853096.jpg
449,Pina Colada,/drink/17207-Pina-Colada,https://www.thecocktaildb.com/images/media/drink/upgsue1668419912.jpg
450,Pineapple Gingerale Smoothie,/drink/12718-Pineapple-Gingerale-Smoothie,https://www.thecocktaildb.com/images/media/drink/eg9i1d1487603469.jpg
451,Pineapple Paloma,/drink/178327-Pineapple-Paloma,https://www.thecocktaildb.com/images/media/drink/pg8iw31593351601.jpg
452,Pink Gin,/drink/11936-Pink-Gin,https://www.thecocktaildb.com/images/media/drink/qyr51e1504888618.jpg
453,Pink Lady,/drink/11938-Pink-Lady,https://www.thecocktaildb.com/images/media/drink/5ia6j21504887829.jpg
454,Pink Moon,/drink/178354-Pink-Moon,https://www.thecocktaildb.com/images/media/drink/lnjoc81619696191.jpg
455,Pink Panty Pulldowns,/drink/13535-Pink-Panty-Pulldowns,https://www.thecocktaildb.com/images/media/drink/squsuy1468926657.jpg
456,Pink Penocha,/drink/16992-Pink-Penocha,https://www.thecocktaildb.com/images/media/drink/6vigjx1503564007.jpg
457,Pisco Sour,/drink/13214-Pisco-Sour,https://www.thecocktaildb.com/images/media/drink/tsssur1439907622.jpg
458,Planter's Punch,/drink/17191-Planters-Punch,https://www.thecocktaildb.com/images/media/drink/fdk8a31606854815.jpg
459,Planter’s Punch,/drink/178368-Planter’s-Punch,https://www.thecocktaildb.com/images/media/drink/jn6o251643844541.jpg
460,Popped cherry,/drink/13072-Popped-cherry,https://www.thecocktaildb.com/images/media/drink/sxvrwv1473344825.jpg
461,Poppy Cocktail,/drink/11959-Poppy-Cocktail,https://www.thecocktaildb.com/images/media/drink/cslw1w1504389915.jpg
462,Pornstar Martini,/drink/178357-Pornstar-Martini,https://www.thecocktaildb.com/images/media/drink/xjhjdf1630406071.jpg
463,Port And Starboard,/drink/11961-Port-And-Starboard,https://www.thecocktaildb.com/images/media/drink/wxvupx1441553911.jpg
464,Port Wine Cocktail,/drink/11963-Port-Wine-Cocktail,https://www.thecocktaildb.com/images/media/drink/qruprq1441553976.jpg
465,Port Wine Flip,/drink/11965-Port-Wine-Flip,https://www.thecocktaildb.com/images/media/drink/vrprxu1441553844.jpg
466,Porto flip,/drink/17192-Porto-flip,https://www.thecocktaildb.com/images/media/drink/64x5j41504351518.jpg
467,Pure Passion,/drink/178338-Pure-Passion,https://www.thecocktaildb.com/images/media/drink/4tymma1604179273.jpg
468,Pysch Vitamin Light,/drink/15092-Pysch-Vitamin-Light,https://www.thecocktaildb.com/images/media/drink/xsqsxw1441553580.jpg
469,Quaker's Cocktail,/drink/11983-Quakers-Cocktail,https://www.thecocktaildb.com/images/media/drink/yrqppx1478962314.jpg
470,Quarter Deck Cocktail,/drink/11985-Quarter-Deck-Cocktail,https://www.thecocktaildb.com/images/media/drink/qrwvps1478963017.jpg
471,Queen Bee,/drink/11987-Queen-Bee,https://www.thecocktaildb.com/images/media/drink/rvvpxu1478963194.jpg
472,Queen Charlotte,/drink/11989-Queen-Charlotte,https://www.thecocktaildb.com/images/media/drink/vqruyt1478963249.jpg
473,Queen Elizabeth,/drink/11991-Queen-Elizabeth,https://www.thecocktaildb.com/images/media/drink/vpqspv1478963339.jpg
474,Quentin,/drink/11993-Quentin,https://www.thecocktaildb.com/images/media/drink/spxtqp1478963398.jpg
475,Quick F**K,/drink/13198-Quick-F**K,https://www.thecocktaildb.com/images/media/drink/wvtwpp1478963454.jpg
476,Quick-sand,/drink/15761-Quick-sand,https://www.thecocktaildb.com/images/media/drink/vprxqv1478963533.jpg
477,Radioactive Long Island Iced Tea,/drink/16984-Radioactive-Long-Island-Iced-Tea,https://www.thecocktaildb.com/images/media/drink/rdvqmh1503563512.jpg
478,Radler,/drink/16031-Radler,https://www.thecocktaildb.com/images/media/drink/xz8igv1504888995.jpg
479,Rail Splitter,/drink/12630-Rail-Splitter,https://www.thecocktaildb.com/images/media/drink/stsuqq1441207660.jpg
480,Ramos Gin Fizz,/drink/178367-Ramos-Gin-Fizz,https://www.thecocktaildb.com/images/media/drink/967t911643844053.jpg
481,Raspberry Cooler,/drink/17167-Raspberry-Cooler,https://www.thecocktaildb.com/images/media/drink/suqyyx1441254346.jpg
482,Raspberry Julep,/drink/178333-Raspberry-Julep,https://www.thecocktaildb.com/images/media/drink/hyztmx1598719265.jpg
483,Red Snapper,/drink/14087-Red-Snapper,https://www.thecocktaildb.com/images/media/drink/7p607y1504735343.jpg
484,Rose,/drink/17208-Rose,https://www.thecocktaildb.com/images/media/drink/8kxbvq1504371462.jpg
485,Rosemary Blue,/drink/17245-Rosemary-Blue,https://www.thecocktaildb.com/images/media/drink/qwc5f91512406543.jpg
486,Royal Bitch,/drink/17122-Royal-Bitch,https://www.thecocktaildb.com/images/media/drink/qupuyr1441210090.jpg
487,Royal Fizz,/drink/12055-Royal-Fizz,https://www.thecocktaildb.com/images/media/drink/wrh44j1504390609.jpg
488,Royal Flush,/drink/15082-Royal-Flush,https://www.thecocktaildb.com/images/media/drink/7rnm8u1504888527.jpg
489,Royal Gin Fizz,/drink/12057-Royal-Gin-Fizz,https://www.thecocktaildb.com/images/media/drink/pe1x1c1504735672.jpg
490,Ruby Tuesday,/drink/17114-Ruby-Tuesday,https://www.thecocktaildb.com/images/media/drink/qsyqqq1441553437.jpg
491,Rum Cobbler,/drink/12067-Rum-Cobbler,https://www.thecocktaildb.com/images/media/drink/5vh9ld1504390683.jpg
492,Rum Cooler,/drink/12071-Rum-Cooler,https://www.thecocktaildb.com/images/media/drink/2hgwsb1504888674.jpg
493,Rum Milk Punch,/drink/12087-Rum-Milk-Punch,https://www.thecocktaildb.com/images/media/drink/w64lqm1504888810.jpg
494,Rum Old-fashioned,/drink/12089-Rum-Old-fashioned,https://www.thecocktaildb.com/images/media/drink/otn2011504820649.jpg
495,Rum Punch,/drink/14978-Rum-Punch,https://www.thecocktaildb.com/images/media/drink/wyrsxu1441554538.jpg
496,Rum Runner,/drink/16250-Rum-Runner,https://www.thecocktaildb.com/images/media/drink/vqws6t1504888857.jpg
497,Rum Screwdriver,/drink/12091-Rum-Screwdriver,https://www.thecocktaildb.com/images/media/drink/4c85zq1511782093.jpg
498,Rum Sour,/drink/12093-Rum-Sour,https://www.thecocktaildb.com/images/media/drink/bylfi21504886323.jpg
499,Rum Toddy,/drink/12097-Rum-Toddy,https://www.thecocktaildb.com/images/media/drink/athdk71504886286.jpg
500,Russian Spring Punch,/drink/17214-Russian-Spring-Punch,https://www.thecocktaildb.com/images/media/drink/ctt20s1504373488.jpg
501,Rusty Nail,/drink/12101-Rusty-Nail,https://www.thecocktaildb.com/images/media/drink/yqsvtw1478252982.jpg
502,Salted Toffee Martini,/drink/17233-Salted-Toffee-Martini,https://www.thecocktaildb.com/images/media/drink/3s6mlr1509551211.jpg
503,Salty Dog,/drink/12107-Salty-Dog,https://www.thecocktaildb.com/images/media/drink/4vfge01504890216.jpg
504,San Francisco,/drink/15184-San-Francisco,https://www.thecocktaildb.com/images/media/drink/szmj2d1504889961.jpg
505,Sangria,/drink/13020-Sangria,https://www.thecocktaildb.com/images/media/drink/xrvxpp1441249280.jpg
506,Sangria The  Best,/drink/13026-Sangria-The--Best,https://www.thecocktaildb.com/images/media/drink/vysywu1468924264.jpg
507,Sazerac,/drink/12127-Sazerac,https://www.thecocktaildb.com/images/media/drink/vvpxwy1439907208.jpg
508,Scooter,/drink/12130-Scooter,https://www.thecocktaildb.com/images/media/drink/twuptu1483388307.jpg
509,Scotch Cobbler,/drink/12138-Scotch-Cobbler,https://www.thecocktaildb.com/images/media/drink/1q7coh1504736227.jpg
510,Scotch Sour,/drink/12158-Scotch-Sour,https://www.thecocktaildb.com/images/media/drink/0dnb6k1504890436.jpg
511,Scottish Highland Liqueur,/drink/12854-Scottish-Highland-Liqueur,https://www.thecocktaildb.com/images/media/drink/upqvvp1441253441.jpg
512,Screaming Orgasm,/drink/13625-Screaming-Orgasm,https://www.thecocktaildb.com/images/media/drink/x894cs1504388670.jpg
513,Screwdriver,/drink/12162-Screwdriver,https://www.thecocktaildb.com/images/media/drink/8xnyke1504352207.jpg
514,Sea breeze,/drink/13377-Sea-breeze,https://www.thecocktaildb.com/images/media/drink/7rfuks1504371562.jpg
515,Sex on the Beach,/drink/12754-Sex-on-the-Beach,https://www.thecocktaildb.com/images/media/drink/fi67641668420787.jpg
516,Shanghai Cocktail,/drink/12186-Shanghai-Cocktail,https://www.thecocktaildb.com/images/media/drink/ttyrxr1478820678.jpg
517,Shark Attack,/drink/16273-Shark-Attack,https://www.thecocktaildb.com/images/media/drink/uv96zr1504793256.jpg
518,Sherry Eggnog,/drink/12188-Sherry-Eggnog,https://www.thecocktaildb.com/images/media/drink/xwrpsv1478820541.jpg
519,Sherry Flip,/drink/12190-Sherry-Flip,https://www.thecocktaildb.com/images/media/drink/qrryvq1478820428.jpg
520,Shot-gun,/drink/16985-Shot-gun,https://www.thecocktaildb.com/images/media/drink/2j1m881503563583.jpg
521,Sidecar,/drink/12196-Sidecar,https://www.thecocktaildb.com/images/media/drink/x72sik1606854964.jpg
522,Sidecar Cocktail,/drink/12198-Sidecar-Cocktail,https://www.thecocktaildb.com/images/media/drink/ewjxui1504820428.jpg
523,Singapore Sling,/drink/12214-Singapore-Sling,https://www.thecocktaildb.com/images/media/drink/7dozeg1582578095.jpg
524,Slippery Nipple,/drink/178306-Slippery-Nipple,https://www.thecocktaildb.com/images/media/drink/l9tgru1551439725.jpg
525,Sloe Gin Cocktail,/drink/12224-Sloe-Gin-Cocktail,https://www.thecocktaildb.com/images/media/drink/d7mo481504889531.jpg
526,Smashed Watermelon Margarita,/drink/178332-Smashed-Watermelon-Margarita,https://www.thecocktaildb.com/images/media/drink/dztcv51598717861.jpg
527,Smut,/drink/17141-Smut,https://www.thecocktaildb.com/images/media/drink/rx8k8e1504365812.jpg
528,Snake Bite (UK),/drink/13389-Snake-Bite-(UK),https://www.thecocktaildb.com/images/media/drink/xuwpyu1441248734.jpg
529,Snakebite and Black,/drink/15789-Snakebite-and-Black,https://www.thecocktaildb.com/images/media/drink/rssvwv1441248863.jpg
530,Snowball,/drink/14195-Snowball,https://www.thecocktaildb.com/images/media/drink/7ibfs61504735416.jpg
531,Snowday,/drink/178349-Snowday,https://www.thecocktaildb.com/images/media/drink/4n1ipk1614009624.jpg
532,Sol Y Sombra,/drink/12256-Sol-Y-Sombra,https://www.thecocktaildb.com/images/media/drink/3gz2vw1503425983.jpg
533,Space Odyssey,/drink/15226-Space-Odyssey,https://www.thecocktaildb.com/images/media/drink/vxtjbx1504817842.jpg
534,Spanish chocolate,/drink/12750-Spanish-chocolate,https://www.thecocktaildb.com/images/media/drink/pra8vt1487603054.jpg
535,Spice 75,/drink/178322-Spice-75,https://www.thecocktaildb.com/images/media/drink/0108c41576797064.jpg
536,Spiced Peach Punch,/drink/13032-Spiced-Peach-Punch,https://www.thecocktaildb.com/images/media/drink/qxvypq1468924331.jpg
537,Spiking coffee,/drink/12780-Spiking-coffee,https://www.thecocktaildb.com/images/media/drink/isql6y1487602375.jpg
538,Spritz,/drink/17215-Spritz,https://www.thecocktaildb.com/images/media/drink/j9evx11504373665.jpg
539,Spritz Veneziano,/drink/178308-Spritz-Veneziano,https://www.thecocktaildb.com/images/media/drink/51ezka1551456113.jpg
540,Stinger,/drink/17193-Stinger,https://www.thecocktaildb.com/images/media/drink/2ahv791504352433.jpg
541,Stone Sour,/drink/12308-Stone-Sour,https://www.thecocktaildb.com/images/media/drink/vruvtp1472719895.jpg
542,Strawberry Daiquiri,/drink/12316-Strawberry-Daiquiri,https://www.thecocktaildb.com/images/media/drink/deu59m1504736135.jpg
543,Strawberry Lemonade,/drink/13036-Strawberry-Lemonade,https://www.thecocktaildb.com/images/media/drink/spvvxp1468924425.jpg
544,Strawberry Margarita,/drink/12322-Strawberry-Margarita,https://www.thecocktaildb.com/images/media/drink/tqyrpw1439905311.jpg
545,Strawberry Shivers,/drink/12722-Strawberry-Shivers,https://www.thecocktaildb.com/images/media/drink/9h1vvt1487603404.jpg
546,Sunny Holiday Punch,/drink/13042-Sunny-Holiday-Punch,https://www.thecocktaildb.com/images/media/drink/rywtwy1468924758.jpg
547,Surf City Lifesaver,/drink/12760-Surf-City-Lifesaver,https://www.thecocktaildb.com/images/media/drink/2rzfer1487602699.jpg
548,Swedish Coffee,/drink/15521-Swedish-Coffee,https://www.thecocktaildb.com/images/media/drink/ywtrvt1441246783.jpg
549,Sweet Bananas,/drink/12724-Sweet-Bananas,https://www.thecocktaildb.com/images/media/drink/sxpcj71487603345.jpg
550,Sweet Sangria,/drink/13024-Sweet-Sangria,https://www.thecocktaildb.com/images/media/drink/uqqvsp1468924228.jpg
551,Sweet Tooth,/drink/16990-Sweet-Tooth,https://www.thecocktaildb.com/images/media/drink/j6rq6h1503563821.jpg
552,Talos Coffee,/drink/14860-Talos-Coffee,https://www.thecocktaildb.com/images/media/drink/rswqpy1441246518.jpg
553,Tennesee Mud,/drink/15515-Tennesee-Mud,https://www.thecocktaildb.com/images/media/drink/txruqv1441245770.jpg
554,Tequila Fizz,/drink/12362-Tequila-Fizz,https://www.thecocktaildb.com/images/media/drink/2bcase1504889637.jpg
555,Tequila Slammer,/drink/178307-Tequila-Slammer,https://www.thecocktaildb.com/images/media/drink/43uhr51551451311.jpg
556,Tequila Sour,/drink/12370-Tequila-Sour,https://www.thecocktaildb.com/images/media/drink/ek0mlq1504820601.jpg
557,Tequila Sunrise,/drink/13621-Tequila-Sunrise,https://www.thecocktaildb.com/images/media/drink/quqyqp1480879103.jpg
558,Tequila Surprise,/drink/14602-Tequila-Surprise,https://www.thecocktaildb.com/images/media/drink/8189p51504735581.jpg
559,Texas Rattlesnake,/drink/15178-Texas-Rattlesnake,https://www.thecocktaildb.com/images/media/drink/rtohqp1504889750.jpg
560,Texas Sling,/drink/15639-Texas-Sling,https://www.thecocktaildb.com/images/media/drink/ypl13s1504890158.jpg
561,Thai Coffee,/drink/12782-Thai-Coffee,https://www.thecocktaildb.com/images/media/drink/wquwxs1441247025.jpg
562,Thai Iced Coffee,/drink/12784-Thai-Iced-Coffee,https://www.thecocktaildb.com/images/media/drink/rqpypv1441245650.jpg
563,Thai Iced Tea,/drink/12786-Thai-Iced-Tea,https://www.thecocktaildb.com/images/media/drink/trvwpu1441245568.jpg
564,The Evil Blue Thing,/drink/16271-The-Evil-Blue-Thing,https://www.thecocktaildb.com/images/media/drink/ojnpz71504793059.jpg
565,The Galah,/drink/178350-The-Galah,https://www.thecocktaildb.com/images/media/drink/sy7y6r1614775067.jpg
566,The Jimmy Conway,/drink/17826-The-Jimmy-Conway,https://www.thecocktaildb.com/images/media/drink/wbcvyo1535794478.jpg
567,The Last Word,/drink/17247-The-Last-Word,https://www.thecocktaildb.com/images/media/drink/91oule1513702624.jpg
568,The Laverstoke,/drink/17824-The-Laverstoke,https://www.thecocktaildb.com/images/media/drink/6xfj5t1517748412.jpg
569,The Philosopher,/drink/178330-The-Philosopher,https://www.thecocktaildb.com/images/media/drink/sp8hkp1596017787.jpg
570,The Strange Weaver,/drink/178339-The-Strange-Weaver,https://www.thecocktaildb.com/images/media/drink/opxjzh1604179528.jpg
571,Thriller,/drink/12388-Thriller,https://www.thecocktaildb.com/images/media/drink/rvuswq1461867714.jpg
572,Tia-Maria,/drink/12856-Tia-Maria,https://www.thecocktaildb.com/images/media/drink/sih81u1504367097.jpg
573,Tipperary,/drink/17828-Tipperary,https://www.thecocktaildb.com/images/media/drink/b522ek1521761610.jpg
574,Tom Collins,/drink/12402-Tom-Collins,https://www.thecocktaildb.com/images/media/drink/7cll921606854636.jpg
575,Tomato Tang,/drink/12726-Tomato-Tang,https://www.thecocktaildb.com/images/media/drink/869qr81487603278.jpg
576,Tommy's Margarita,/drink/17216-Tommys-Margarita,https://www.thecocktaildb.com/images/media/drink/loezxn1504373874.jpg
577,Turf Cocktail,/drink/12418-Turf-Cocktail,https://www.thecocktaildb.com/images/media/drink/utypqq1441554367.jpg
578,Turkeyball,/drink/15006-Turkeyball,https://www.thecocktaildb.com/images/media/drink/rxurpr1441554292.jpg
579,Tuxedo Cocktail,/drink/12420-Tuxedo-Cocktail,https://www.thecocktaildb.com/images/media/drink/4u0nbl1504352551.jpg
580,Valencia Cocktail,/drink/12434-Valencia-Cocktail,https://www.thecocktaildb.com/images/media/drink/9myuc11492975640.jpg
581,Vampiro,/drink/17217-Vampiro,https://www.thecocktaildb.com/images/media/drink/yfhn371504374246.jpg
582,Van Vleet,/drink/12436-Van-Vleet,https://www.thecocktaildb.com/images/media/drink/fgq2bl1492975771.jpg
583,Vermouth Cassis,/drink/12442-Vermouth-Cassis,https://www.thecocktaildb.com/images/media/drink/tswpxx1441554674.jpg
584,Vesper,/drink/17218-Vesper,https://www.thecocktaildb.com/images/media/drink/mtdxpa1504374514.jpg
585,Vesuvio,/drink/12444-Vesuvio,https://www.thecocktaildb.com/images/media/drink/26cq601492976203.jpg
586,Veteran,/drink/12446-Veteran,https://www.thecocktaildb.com/images/media/drink/iwml9t1492976255.jpg
587,Victor,/drink/12450-Victor,https://www.thecocktaildb.com/images/media/drink/voapgc1492976416.jpg
588,Victory Collins,/drink/12452-Victory-Collins,https://www.thecocktaildb.com/images/media/drink/lx0lvs1492976619.jpg
589,Vodka And Tonic,/drink/12460-Vodka-And-Tonic,https://www.thecocktaildb.com/images/media/drink/lmj2yt1504820500.jpg
590,Vodka Fizz,/drink/16967-Vodka-Fizz,https://www.thecocktaildb.com/images/media/drink/xwxyux1441254243.jpg
591,Vodka Lemon,/drink/178363-Vodka-Lemon,https://www.thecocktaildb.com/images/media/drink/mql55h1643820632.jpg
592,Vodka Martini,/drink/14167-Vodka-Martini,https://www.thecocktaildb.com/images/media/drink/qyxrqw1439906528.jpg
593,Vodka Russian,/drink/15403-Vodka-Russian,https://www.thecocktaildb.com/images/media/drink/rpttur1454515129.jpg
594,Vodka Slime,/drink/178362-Vodka-Slime,https://www.thecocktaildb.com/images/media/drink/apex461643588115.jpg
595,Vodka Tonic,/drink/178364-Vodka-Tonic,https://www.thecocktaildb.com/images/media/drink/9koz3f1643821062.jpg
596,Waikiki Beachcomber,/drink/12474-Waikiki-Beachcomber,https://www.thecocktaildb.com/images/media/drink/ysuqus1441208583.jpg
597,Whiskey Sour,/drink/11004-Whiskey-Sour,https://www.thecocktaildb.com/images/media/drink/hbkfsh1589574990.jpg
598,Whisky Mac,/drink/12518-Whisky-Mac,https://www.thecocktaildb.com/images/media/drink/yvvwys1461867858.jpg
599,White Lady,/drink/17194-White-Lady,https://www.thecocktaildb.com/images/media/drink/jofsaz1504352991.jpg
600,White Russian,/drink/12528-White-Russian,https://www.thecocktaildb.com/images/media/drink/vsrupw1472405732.jpg
601,White Wine Sangria,/drink/178326-White-Wine-Sangria,https://www.thecocktaildb.com/images/media/drink/hnuod91587851576.jpg
602,Whitecap Margarita,/drink/16158-Whitecap-Margarita,https://www.thecocktaildb.com/images/media/drink/srpxxp1441209622.jpg
603,Wine Cooler,/drink/13056-Wine-Cooler,https://www.thecocktaildb.com/images/media/drink/yutxtv1473344210.jpg
604,Wine Punch,/drink/13058-Wine-Punch,https://www.thecocktaildb.com/images/media/drink/txustu1473344310.jpg
605,Winter Paloma,/drink/178348-Winter-Paloma,https://www.thecocktaildb.com/images/media/drink/u5f0pz1614007748.jpg
606,Winter Rita,/drink/178347-Winter-Rita,https://www.thecocktaildb.com/images/media/drink/fwpd0v1614006733.jpg
607,Yellow Bird,/drink/17219-Yellow-Bird,https://www.thecocktaildb.com/images/media/drink/2t9r6w1504374811.jpg
608,Yoghurt Cooler,/drink/12728-Yoghurt-Cooler,https://www.thecocktaildb.com/images/media/drink/trttrv1441254466.jpg
609,Zambeer,/drink/15933-Zambeer,https://www.thecocktaildb.com/images/media/drink/bje5401485619578.jpg
610,Zenmeister,/drink/15254-Zenmeister,https://www.thecocktaildb.com/images/media/drink/qyuvsu1479209462.jpg
611,Ziemes Martini Apfelsaft,/drink/14157-Ziemes-Martini-Apfelsaft,https://www.thecocktaildb.com/images/media/drink/xnzr2p1485619687.jpg
612,Zima Blaster,/drink/17027-Zima-Blaster,https://www.thecocktaildb.com/images/media/drink/1wifuv1485619797.jpg
613,Zimadori Zinger,/drink/15801-Zimadori-Zinger,https://www.thecocktaildb.com/images/media/drink/bw8gzx1485619920.jpg
614,Zinger,/drink/14888-Zinger,https://www.thecocktaildb.com/images/media/drink/iixv4l1485620014.jpg
615,Zipperhead,/drink/16942-Zipperhead,https://www.thecocktaildb.com/images/media/drink/r2qzhu1485620235.jpg
616,Zippy's Revenge,/drink/14065-Zippys-Revenge,https://www.thecocktaildb.com/images/media/drink/1sqm7n1485620312.jpg
617,Zizi Coin-coin,/drink/14594-Zizi-Coin-coin,https://www.thecocktaildb.com/images/media/drink/0fbo2t1485620752.jpg
618,Zoksel,/drink/15691-Zoksel,https://www.thecocktaildb.com/images/media/drink/ft8ed01485620930.jpg
619,Zombie,/drink/17241-Zombie,https://www.thecocktaildb.com/images/media/drink/2en3jk1509557725.jpg
620,Zorbatini,/drink/16963-Zorbatini,https://www.thecocktaildb.com/images/media/drink/wtkqgb1485621155.jpg
621,Zorro,/drink/15328-Zorro,https://www.thecocktaildb.com/images/media/drink/kvvd4z1485621283.jpg
